[Measurement conditions],,,
Sample identification,MgAxial24Jan22_Act12Feb23_B1_0714M_NaOH_LS0173_Num154,,
Comment - 2,"Configuration=Stage for Flat Samples/Holders, Owner=nmw10, Creation date=9/21/2022 10:06:30 AM",,
Comment - 3,Goniometer=Theta/Theta; Minimum step size 2Theta:0.0001; Minimum step size Omega:0.0001,,
Comment - 4,Sample stage=Stage for flat samples/holders,,
Comment - 5,Diffractometer system=EMPYREAN,,
Comment - 6,"Measurement program=X:\XRD\Cement\Zerobackground scan.xrdmp, Created identifier={98A3B11C-88F9-4AA6-982C-73314A311EF5}, Created by=Titus Reed, Id=tmr79, Creation date=10/26/2021 3:01:47 PM",,
Anode material,Cu,,
K-Alpha1 wavelength,1.540598,,
K-Alpha2 wavelength,1.544426,,
Ratio K-Alpha2/K-Alpha1,0.5,,
Divergence slit,Fixed,0.25,
Monochromator used,NO,,
Generator voltage,45,,
Tube current,40,,
File date and time,3/15/2023 19:20,,
Unit cell,,,
h k l, 0 0 0,,
Scan axis,Gonio,,
Scan range,4.994599997,64.99999183,
Scan step size,0.0262606,,
No. of points,2285,,
Scan type,CONTINUOUS,,
Time per step,96.39,,
[Scan points],,,
Angle, TimePerStep, Intensity, ESD
5.00773028,96.39,4178,64.6375
5.033990845,96.39,4165,64.5368
5.060251411,96.39,4215,64.923
5.086511976,96.39,4192,64.7457
5.112772541,96.39,4247,65.169
5.139033107,96.39,4262,65.284
5.165293672,96.39,4156,64.467
5.191554237,96.39,3992,63.1823
5.217814803,96.39,4144,64.3739
5.244075368,96.39,4145,64.3817
5.270335934,96.39,4015,63.364
5.296596499,96.39,4059,63.7103
5.322857064,96.39,4019,63.3956
5.34911763,96.39,4088,63.9375
5.375378195,96.39,3921,62.6179
5.40163876,96.39,3957,62.9047
5.427899326,96.39,3885,62.3298
5.454159891,96.39,3835,61.9274
5.480420456,96.39,3907,62.506
5.506681022,96.39,3900,62.45
5.532941587,96.39,3884,62.3217
5.559202152,96.39,3839,61.9597
5.585462718,96.39,3837,61.9435
5.611723283,96.39,3754,61.2699
5.637983849,96.39,3778,61.4654
5.664244414,96.39,3799,61.636
5.690504979,96.39,3839,61.9597
5.716765545,96.39,3811,61.7333
5.74302611,96.39,3731,61.0819
5.769286675,96.39,3718,60.9754
5.795547241,96.39,3712,60.9262
5.821807806,96.39,3688,60.7289
5.848068371,96.39,3779,61.4736
5.874328937,96.39,3731,61.0819
5.900589502,96.39,3873,62.2334
5.926850067,96.39,3733,61.0983
5.953110633,96.39,3644,60.3656
5.979371198,96.39,3621,60.1747
6.005631763,96.39,3701,60.8358
6.031892329,96.39,3869,62.2013
6.058152894,96.39,3653,60.4401
6.08441346,96.39,3677,60.6383
6.110674025,96.39,3553,59.607
6.13693459,96.39,3636,60.2993
6.163195156,96.39,3786,61.5305
6.189455721,96.39,3579,59.8247
6.215716286,96.39,3657,60.4731
6.241976852,96.39,3712,60.9262
6.268237417,96.39,3675,60.6218
6.294497982,96.39,3558,59.649
6.320758548,96.39,3578,59.8164
6.347019113,96.39,3564,59.6992
6.373279678,96.39,3571,59.7578
6.399540244,96.39,3613,60.1082
6.425800809,96.39,3710,60.9098
6.452061375,96.39,3557,59.6406
6.47832194,96.39,3551,59.5903
6.504582505,96.39,3550,59.5819
6.530843071,96.39,3485,59.0339
6.557103636,96.39,3576,59.7997
6.583364201,96.39,3538,59.4811
6.609624767,96.39,3573,59.7746
6.635885332,96.39,3482,59.0085
6.662145897,96.39,3456,58.7878
6.688406463,96.39,3566,59.716
6.714667028,96.39,3411,58.4038
6.740927593,96.39,3443,58.6771
6.767188159,96.39,3478,58.9746
6.793448724,96.39,3494,59.1101
6.819709289,96.39,3462,58.8388
6.845969855,96.39,3412,58.4123
6.87223042,96.39,3352,57.8965
6.898490986,96.39,3384,58.1722
6.924751551,96.39,3455,58.7792
6.951012116,96.39,3523,59.3549
6.977272682,96.39,3392,58.2409
7.003533247,96.39,3477,58.9661
7.029793812,96.39,3412,58.4123
7.056054378,96.39,3358,57.9483
7.082314943,96.39,3349,57.8705
7.108575508,96.39,3471,58.9152
7.134836074,96.39,3484,59.0254
7.161096639,96.39,3464,58.8558
7.187357204,96.39,3380,58.1378
7.21361777,96.39,3363,57.9914
7.239878335,96.39,3346,57.8446
7.2661389,96.39,3443,58.6771
7.292399466,96.39,3368,58.0345
7.318660031,96.39,3379,58.1292
7.344920597,96.39,3474,58.9406
7.371181162,96.39,3538,59.4811
7.397441727,96.39,3419,58.4722
7.423702293,96.39,3402,58.3267
7.449962858,96.39,3348,57.8619
7.476223423,96.39,3250,57.0088
7.502483989,96.39,3261,57.1052
7.528744554,96.39,3354,57.9137
7.555005119,96.39,3390,58.2237
7.581265685,96.39,3506,59.2115
7.60752625,96.39,3290,57.3585
7.633786815,96.39,3462,58.8388
7.660047381,96.39,3356,57.931
7.686307946,96.39,3235,56.8771
7.712568512,96.39,3364,58
7.738829077,96.39,3300,57.4456
7.765089642,96.39,3387,58.1979
7.791350208,96.39,3355,57.9224
7.817610773,96.39,3316,57.5847
7.843871338,96.39,3404,58.3438
7.870131904,96.39,3339,57.7841
7.896392469,96.39,3431,58.5747
7.922653034,96.39,3313,57.5587
7.9489136,96.39,3417,58.4551
7.975174165,96.39,3375,58.0948
8.00143473,96.39,3332,57.7235
8.027695296,96.39,3490,59.0762
8.053955861,96.39,3456,58.7878
8.080216426,96.39,3530,59.4138
8.106476992,96.39,3584,59.8665
8.132737557,96.39,3774,61.4329
8.158998123,96.39,3648,60.3987
8.185258688,96.39,3424,58.515
8.211519253,96.39,3300,57.4456
8.237779819,96.39,3368,58.0345
8.264040384,96.39,3223,56.7715
8.290300949,96.39,3287,57.3324
8.316561515,96.39,3296,57.4108
8.34282208,96.39,3221,56.7539
8.369082645,96.39,3295,57.4021
8.395343211,96.39,3191,56.4889
8.421603776,96.39,3201,56.5774
8.447864341,96.39,3334,57.7408
8.474124907,96.39,3317,57.5934
8.500385472,96.39,3294,57.3934
8.526646038,96.39,3349,57.8705
8.552906603,96.39,3274,57.2189
8.579167168,96.39,3241,56.9298
8.605427734,96.39,3369,58.0431
8.631688299,96.39,3324,57.6541
8.657948864,96.39,3263,57.1227
8.68420943,96.39,3219,56.7362
8.710469995,96.39,3273,57.2101
8.73673056,96.39,3292,57.376
8.762991126,96.39,3352,57.8965
8.789251691,96.39,3300,57.4456
8.815512256,96.39,3310,57.5326
8.841772822,96.39,3238,56.9034
8.868033387,96.39,3338,57.7754
8.894293952,96.39,3317,57.5934
8.920554518,96.39,3305,57.4891
8.946815083,96.39,3342,57.81
8.973075649,96.39,3267,57.1577
8.999336214,96.39,3213,56.6833
9.025596779,96.39,3319,57.6108
9.051857345,96.39,3270,57.1839
9.07811791,96.39,3302,57.463
9.104378475,96.39,3341,57.8014
9.130639041,96.39,3249,57
9.156899606,96.39,3374,58.0861
9.183160171,96.39,3349,57.8705
9.209420737,96.39,3461,58.8303
9.235681302,96.39,3414,58.4294
9.261941867,96.39,3396,58.2752
9.288202433,96.39,3391,58.2323
9.314462998,96.39,3342,57.81
9.340723564,96.39,3404,58.3438
9.366984129,96.39,3387,58.1979
9.393244694,96.39,3456,58.7878
9.41950526,96.39,3459,58.8133
9.445765825,96.39,3421,58.4893
9.47202639,96.39,3516,59.2959
9.498286956,96.39,3391,58.2323
9.524547521,96.39,3400,58.3095
9.550808086,96.39,3468,58.8897
9.577068652,96.39,3481,59
9.603329217,96.39,3597,59.975
9.629589782,96.39,3516,59.2959
9.655850348,96.39,3579,59.8247
9.682110913,96.39,3462,58.8388
9.708371478,96.39,3532,59.4306
9.734632044,96.39,3637,60.3075
9.760892609,96.39,3599,59.9917
9.787153175,96.39,3648,60.3987
9.81341374,96.39,3523,59.3549
9.839674305,96.39,3678,60.6465
9.865934871,96.39,3623,60.1914
9.892195436,96.39,3560,59.6657
9.918456001,96.39,3655,60.4566
9.944716567,96.39,3650,60.4152
9.970977132,96.39,3553,59.607
9.997237697,96.39,3670,60.5805
10.02349826,96.39,3742,61.1719
10.04975883,96.39,3803,61.6685
10.07601939,96.39,3722,61.0082
10.10227996,96.39,3637,60.3075
10.12854052,96.39,3820,61.8061
10.15480109,96.39,3784,61.5142
10.18106166,96.39,3744,61.1882
10.20732222,96.39,3788,61.5467
10.23358279,96.39,3935,62.7296
10.25984335,96.39,3783,61.5061
10.28610392,96.39,3945,62.8092
10.31236448,96.39,3871,62.2174
10.33862505,96.39,3856,62.0967
10.36488561,96.39,3910,62.53
10.39114618,96.39,3900,62.45
10.41740674,96.39,3927,62.6658
10.44366731,96.39,3975,63.0476
10.46992787,96.39,4010,63.3246
10.49618844,96.39,4112,64.1249
10.522449,96.39,3924,62.6418
10.54870957,96.39,4083,63.8984
10.57497014,96.39,3982,63.1031
10.6012307,96.39,3998,63.2297
10.62749127,96.39,3991,63.1744
10.65375183,96.39,3921,62.6179
10.6800124,96.39,4024,63.435
10.70627296,96.39,3990,63.1664
10.73253353,96.39,4028,63.4665
10.75879409,96.39,4036,63.5295
10.78505466,96.39,4084,63.9062
10.81131522,96.39,4242,65.1306
10.83757579,96.39,4102,64.0469
10.86383635,96.39,4172,64.591
10.89009692,96.39,4192,64.7457
10.91635749,96.39,4157,64.4748
10.94261805,96.39,4098,64.0156
10.96887862,96.39,4069,63.7887
10.99513918,96.39,4218,64.9461
11.02139975,96.39,4257,65.2457
11.04766031,96.39,4193,64.7534
11.07392088,96.39,4182,64.6684
11.10018144,96.39,4135,64.304
11.12644201,96.39,4120,64.1872
11.15270257,96.39,4250,65.192
11.17896314,96.39,4347,65.9318
11.2052237,96.39,4131,64.2729
11.23148427,96.39,4093,63.9766
11.25774483,96.39,4233,65.0615
11.2840054,96.39,4307,65.6277
11.31026597,96.39,4237,65.0922
11.33652653,96.39,4117,64.1639
11.3627871,96.39,4166,64.5446
11.38904766,96.39,4079,63.867
11.41530823,96.39,4091,63.9609
11.44156879,96.39,4131,64.2729
11.46782936,96.39,4170,64.5755
11.49408992,96.39,4224,64.9923
11.52035049,96.39,3982,63.1031
11.54661105,96.39,4140,64.3428
11.57287162,96.39,4025,63.4429
11.59913218,96.39,3991,63.1744
11.62539275,96.39,3924,62.6418
11.65165332,96.39,3967,62.9841
11.67791388,96.39,3872,62.2254
11.70417445,96.39,3792,61.5792
11.73043501,96.39,3858,62.1128
11.75669558,96.39,3811,61.7333
11.78295614,96.39,3749,61.2291
11.80921671,96.39,3830,61.887
11.83547727,96.39,3738,61.1392
11.86173784,96.39,3804,61.6766
11.8879984,96.39,3727,61.0492
11.91425897,96.39,3787,61.5386
11.94051953,96.39,3598,59.9833
11.9667801,96.39,3742,61.1719
11.99304066,96.39,3630,60.2495
12.01930123,96.39,3567,59.7244
12.0455618,96.39,3532,59.4306
12.07182236,96.39,3544,59.5315
12.09808293,96.39,3586,59.8832
12.12434349,96.39,3529,59.4054
12.15060406,96.39,3483,59.0169
12.17686462,96.39,3426,58.532
12.20312519,96.39,3391,58.2323
12.22938575,96.39,3334,57.7408
12.25564632,96.39,3330,57.7062
12.28190688,96.39,3326,57.6715
12.30816745,96.39,3285,57.3149
12.33442801,96.39,3241,56.9298
12.36068858,96.39,3224,56.7803
12.38694915,96.39,3255,57.0526
12.41320971,96.39,3181,56.4004
12.43947028,96.39,3172,56.3205
12.46573084,96.39,3187,56.4535
12.49199141,96.39,3230,56.8331
12.51825197,96.39,3176,56.356
12.54451254,96.39,3204,56.6039
12.5707731,96.39,3032,55.0636
12.59703367,96.39,3100,55.6776
12.62329423,96.39,2978,54.5711
12.6495548,96.39,3018,54.9363
12.67581536,96.39,3038,55.1181
12.70207593,96.39,3045,55.1815
12.72833649,96.39,2928,54.111
12.75459706,96.39,3007,54.8361
12.78085763,96.39,2904,53.8888
12.80711819,96.39,2832,53.2165
12.83337876,96.39,2949,54.3047
12.85963932,96.39,2906,53.9073
12.88589989,96.39,2989,54.6717
12.91216045,96.39,2753,52.469
12.93842102,96.39,2820,53.1037
12.96468158,96.39,2757,52.5071
12.99094215,96.39,2739,52.3355
13.01720271,96.39,2797,52.8867
13.04346328,96.39,2788,52.8015
13.06972384,96.39,2819,53.0943
13.09598441,96.39,2749,52.4309
13.12224498,96.39,2677,51.7397
13.14850554,96.39,2669,51.6624
13.17476611,96.39,2664,51.614
13.20102667,96.39,2690,51.8652
13.22728724,96.39,2579,50.7839
13.2535478,96.39,2662,51.5946
13.27980837,96.39,2681,51.7784
13.30606893,96.39,2522,50.2195
13.3323295,96.39,2563,50.6261
13.35859006,96.39,2592,50.9117
13.38485063,96.39,2658,51.5558
13.41111119,96.39,2641,51.3907
13.43737176,96.39,2470,49.6991
13.46363232,96.39,2524,50.2394
13.48989289,96.39,2529,50.2892
13.51615346,96.39,2505,50.05
13.54241402,96.39,2498,49.98
13.56867459,96.39,2535,50.3488
13.59493515,96.39,2437,49.366
13.62119572,96.39,2440,49.3964
13.64745628,96.39,2465,49.6488
13.67371685,96.39,2453,49.5278
13.69997741,96.39,2399,48.9796
13.72623798,96.39,2576,50.7543
13.75249854,96.39,2488,49.8799
13.77875911,96.39,2500,50
13.80501967,96.39,2543,50.4282
13.83128024,96.39,2492,49.9199
13.85754081,96.39,2441,49.4065
13.88380137,96.39,2371,48.6929
13.91006194,96.39,2358,48.5592
13.9363225,96.39,2319,48.156
13.96258307,96.39,2406,49.051
13.98884363,96.39,2349,48.4665
14.0151042,96.39,2398,48.9694
14.04136476,96.39,2316,48.1248
14.06762533,96.39,2364,48.621
14.09388589,96.39,2386,48.8467
14.12014646,96.39,2233,47.2546
14.14640702,96.39,2298,47.9375
14.17266759,96.39,2389,48.8774
14.19892815,96.39,2325,48.2183
14.22518872,96.39,2368,48.6621
14.25144929,96.39,2439,49.3862
14.27770985,96.39,2386,48.8467
14.30397042,96.39,2425,49.2443
14.33023098,96.39,2429,49.2849
14.35649155,96.39,2371,48.6929
14.38275211,96.39,2410,49.0918
14.40901268,96.39,2459,49.5883
14.43527324,96.39,2645,51.4296
14.46153381,96.39,2753,52.469
14.48779437,96.39,3089,55.5788
14.51405494,96.39,3109,55.7584
14.5403155,96.39,3200,56.5685
14.56657607,96.39,2854,53.4228
14.59283663,96.39,2485,49.8498
14.6190972,96.39,2328,48.2494
14.64535777,96.39,2217,47.085
14.67161833,96.39,2193,46.8295
14.6978789,96.39,2120,46.0435
14.72413946,96.39,2173,46.6154
14.75040003,96.39,2185,46.744
14.77666059,96.39,2089,45.7056
14.80292116,96.39,2134,46.1952
14.82918172,96.39,2049,45.2659
14.85544229,96.39,2161,46.4866
14.88170285,96.39,2090,45.7165
14.90796342,96.39,2136,46.2169
14.93422398,96.39,2136,46.2169
14.96048455,96.39,2145,46.3141
14.98674512,96.39,2200,46.9042
15.01300568,96.39,2073,45.5302
15.03926625,96.39,2193,46.8295
15.06552681,96.39,2235,47.2758
15.09178738,96.39,2318,48.1456
15.11804794,96.39,2447,49.4672
15.14430851,96.39,2405,49.0408
15.17056907,96.39,2584,50.8331
15.19682964,96.39,2631,51.2933
15.2230902,96.39,2589,50.8822
15.24935077,96.39,2477,49.7695
15.27561133,96.39,2478,49.7795
15.3018719,96.39,2349,48.4665
15.32813246,96.39,2297,47.927
15.35439303,96.39,2093,45.7493
15.3806536,96.39,2087,45.6837
15.40691416,96.39,2075,45.5522
15.43317473,96.39,2024,44.9889
15.45943529,96.39,2049,45.2659
15.48569586,96.39,1961,44.2832
15.51195642,96.39,2008,44.8107
15.53821699,96.39,1949,44.1475
15.56447755,96.39,2016,44.8999
15.59073812,96.39,2012,44.8553
15.61699868,96.39,2029,45.0444
15.64325925,96.39,2068,45.4753
15.66951981,96.39,2103,45.8585
15.69578038,96.39,2224,47.1593
15.72204095,96.39,2163,46.5081
15.74830151,96.39,2057,45.3542
15.77456208,96.39,2064,45.4313
15.80082264,96.39,2027,45.0222
15.82708321,96.39,2008,44.8107
15.85334377,96.39,1919,43.8064
15.87960434,96.39,1962,44.2945
15.9058649,96.39,1902,43.6119
15.93212547,96.39,1957,44.238
15.95838603,96.39,1993,44.643
15.9846466,96.39,1986,44.5646
16.01090716,96.39,1988,44.587
16.03716773,96.39,1966,44.3396
16.06342829,96.39,1986,44.5646
16.08968886,96.39,1972,44.4072
16.11594943,96.39,1901,43.6005
16.14220999,96.39,2038,45.1442
16.16847056,96.39,1996,44.6766
16.19473112,96.39,2055,45.3321
16.22099169,96.39,2246,47.392
16.24725225,96.39,2319,48.156
16.27351282,96.39,2506,50.06
16.29977338,96.39,2793,52.8488
16.32603395,96.39,2658,51.5558
16.35229451,96.39,2521,50.2096
16.37855508,96.39,2344,48.4149
16.40481564,96.39,2076,45.5631
16.43107621,96.39,1987,44.5758
16.45733678,96.39,2017,44.911
16.48359734,96.39,1896,43.5431
16.50985791,96.39,1930,43.9318
16.53611847,96.39,1917,43.7836
16.56237904,96.39,1847,42.9767
16.5886396,96.39,1873,43.2782
16.61490017,96.39,1846,42.9651
16.64116073,96.39,1827,42.7434
16.6674213,96.39,1914,43.7493
16.69368186,96.39,1894,43.5201
16.71994243,96.39,1825,42.72
16.74620299,96.39,1848,42.9884
16.77246356,96.39,1951,44.1701
16.79872412,96.39,1923,43.852
16.82498469,96.39,1929,43.9204
16.85124526,96.39,1985,44.5533
16.87750582,96.39,1934,43.9773
16.90376639,96.39,1848,42.9884
16.93002695,96.39,2001,44.7325
16.95628752,96.39,1916,43.7721
16.98254808,96.39,1922,43.8406
17.00880865,96.39,1865,43.1856
17.03506921,96.39,1807,42.5088
17.06132978,96.39,1874,43.2897
17.08759034,96.39,1894,43.5201
17.11385091,96.39,1855,43.0697
17.14011147,96.39,1793,42.3438
17.16637204,96.39,1802,42.45
17.19263261,96.39,1805,42.4853
17.21889317,96.39,1796,42.3792
17.24515374,96.39,1791,42.3202
17.2714143,96.39,1870,43.2435
17.29767487,96.39,1780,42.19
17.32393543,96.39,1819,42.6497
17.350196,96.39,1830,42.7785
17.37645656,96.39,1894,43.5201
17.40271713,96.39,1851,43.0232
17.42897769,96.39,1876,43.3128
17.45523826,96.39,1755,41.8927
17.48149882,96.39,1858,43.1045
17.50775939,96.39,1750,41.833
17.53401995,96.39,1801,42.4382
17.56028052,96.39,1816,42.6146
17.58654109,96.39,1811,42.5558
17.61280165,96.39,1797,42.391
17.63906222,96.39,1865,43.1856
17.66532278,96.39,1788,42.2847
17.69158335,96.39,1837,42.8602
17.71784391,96.39,1756,41.9047
17.74410448,96.39,1772,42.0951
17.77036504,96.39,1769,42.0595
17.79662561,96.39,1799,42.4146
17.82288617,96.39,1768,42.0476
17.84914674,96.39,1901,43.6005
17.8754073,96.39,1829,42.7668
17.90166787,96.39,1853,43.0465
17.92792843,96.39,1816,42.6146
17.954189,96.39,1813,42.5793
17.98044957,96.39,1792,42.332
18.00671013,96.39,1777,42.1545
18.0329707,96.39,1860,43.1277
18.05923126,96.39,1775,42.1307
18.08549183,96.39,1841,42.9069
18.11175239,96.39,1814,42.5911
18.13801296,96.39,1883,43.3935
18.16427352,96.39,1793,42.3438
18.19053409,96.39,1871,43.2551
18.21679465,96.39,1814,42.5911
18.24305522,96.39,1882,43.382
18.26931578,96.39,1908,43.6807
18.29557635,96.39,1991,44.6206
18.32183692,96.39,2035,45.111
18.34809748,96.39,2017,44.911
18.37435805,96.39,1917,43.7836
18.40061861,96.39,1888,43.4511
18.42687918,96.39,1864,43.1741
18.45313974,96.39,1870,43.2435
18.47940031,96.39,1790,42.3084
18.50566087,96.39,1805,42.4853
18.53192144,96.39,1795,42.3674
18.558182,96.39,1823,42.6966
18.58444257,96.39,1800,42.4264
18.61070313,96.39,1769,42.0595
18.6369637,96.39,1799,42.4146
18.66322426,96.39,1801,42.4382
18.68948483,96.39,1903,43.6234
18.7157454,96.39,1888,43.4511
18.74200596,96.39,1879,43.3474
18.76826653,96.39,2139,46.2493
18.79452709,96.39,2193,46.8295
18.82078766,96.39,2359,48.5695
18.84704822,96.39,2511,50.1099
18.87330879,96.39,2695,51.9134
18.89956935,96.39,2717,52.1249
18.92582992,96.39,2783,52.7541
18.95209048,96.39,2743,52.3737
18.97835105,96.39,2603,51.0196
19.00461161,96.39,2332,48.2908
19.03087218,96.39,2226,47.1805
19.05713275,96.39,2182,46.7119
19.08339331,96.39,2061,45.3982
19.10965388,96.39,2037,45.1331
19.13591444,96.39,2027,45.0222
19.16217501,96.39,1979,44.486
19.18843557,96.39,1849,43
19.21469614,96.39,1892,43.4971
19.2409567,96.39,1964,44.317
19.26721727,96.39,1871,43.2551
19.29347783,96.39,1884,43.4051
19.3197384,96.39,1958,44.2493
19.34599896,96.39,2012,44.8553
19.37225953,96.39,1896,43.5431
19.39852009,96.39,1903,43.6234
19.42478066,96.39,1928,43.909
19.45104123,96.39,1971,44.3959
19.47730179,96.39,1979,44.486
19.50356236,96.39,1937,44.0114
19.52982292,96.39,1944,44.0908
19.55608349,96.39,1888,43.4511
19.58234405,96.39,1901,43.6005
19.60860462,96.39,1828,42.7551
19.63486518,96.39,1818,42.638
19.66112575,96.39,1813,42.5793
19.68738631,96.39,1901,43.6005
19.71364688,96.39,1962,44.2945
19.73990744,96.39,2010,44.833
19.76616801,96.39,2092,45.7384
19.79242858,96.39,2092,45.7384
19.81868914,96.39,2122,46.0652
19.84494971,96.39,1945,44.1022
19.87121027,96.39,1916,43.7721
19.89747084,96.39,1823,42.6966
19.9237314,96.39,1849,43
19.94999197,96.39,1844,42.9418
19.97625253,96.39,1776,42.1426
20.0025131,96.39,1880,43.359
20.02877366,96.39,1912,43.7264
20.05503423,96.39,1822,42.6849
20.08129479,96.39,1916,43.7721
20.10755536,96.39,1876,43.3128
20.13381592,96.39,1857,43.0929
20.16007649,96.39,1853,43.0465
20.18633706,96.39,1909,43.6921
20.21259762,96.39,1861,43.1393
20.23885819,96.39,2008,44.8107
20.26511875,96.39,1997,44.6878
20.29137932,96.39,2021,44.9555
20.31763988,96.39,2094,45.7602
20.34390045,96.39,2088,45.6946
20.37016101,96.39,2180,46.6905
20.39642158,96.39,2293,47.8853
20.42268214,96.39,2356,48.5386
20.44894271,96.39,2222,47.1381
20.47520327,96.39,2310,48.0625
20.50146384,96.39,2190,46.7974
20.52772441,96.39,2237,47.2969
20.55398497,96.39,2138,46.2385
20.58024554,96.39,2251,47.4447
20.6065061,96.39,2409,49.0816
20.63276667,96.39,2403,49.0204
20.65902723,96.39,2452,49.5177
20.6852878,96.39,2454,49.5379
20.71154836,96.39,2491,49.9099
20.73780893,96.39,2351,48.4871
20.76406949,96.39,2284,47.7912
20.79033006,96.39,2083,45.6399
20.81659062,96.39,2176,46.6476
20.84285119,96.39,2106,45.8912
20.86911175,96.39,2081,45.618
20.89537232,96.39,2072,45.5192
20.92163289,96.39,2031,45.0666
20.94789345,96.39,2076,45.5631
20.97415402,96.39,2033,45.0888
21.00041458,96.39,2025,45
21.02667515,96.39,2053,45.31
21.05293571,96.39,2044,45.2106
21.07919628,96.39,1920,43.8178
21.10545684,96.39,2101,45.8367
21.13171741,96.39,2061,45.3982
21.15797797,96.39,2105,45.8803
21.18423854,96.39,2098,45.8039
21.2104991,96.39,2266,47.6025
21.23675967,96.39,2263,47.571
21.26302024,96.39,2316,48.1248
21.2892808,96.39,2358,48.5592
21.31554137,96.39,2398,48.9694
21.34180193,96.39,2337,48.3425
21.3680625,96.39,2375,48.734
21.39432306,96.39,2289,47.8435
21.42058363,96.39,2246,47.392
21.44684419,96.39,2192,46.8188
21.47310476,96.39,2313,48.0937
21.49936532,96.39,2370,48.6826
21.52562589,96.39,2275,47.697
21.55188645,96.39,2442,49.4166
21.57814702,96.39,2615,51.1371
21.60440758,96.39,2807,52.9811
21.63066815,96.39,2747,52.4118
21.65692872,96.39,2742,52.3641
21.68318928,96.39,2546,50.4579
21.70944985,96.39,2433,49.3254
21.73571041,96.39,2348,48.4562
21.76197098,96.39,2223,47.1487
21.78823154,96.39,2209,47
21.81449211,96.39,2160,46.4758
21.84075267,96.39,2101,45.8367
21.86701324,96.39,2101,45.8367
21.8932738,96.39,2164,46.5188
21.91953437,96.39,2236,47.2864
21.94579493,96.39,2249,47.4236
21.9720555,96.39,2162,46.4973
21.99831606,96.39,2190,46.7974
22.02457663,96.39,2313,48.0937
22.0508372,96.39,2197,46.8722
22.07709776,96.39,2287,47.8226
22.10335833,96.39,2233,47.2546
22.12961889,96.39,2367,48.6518
22.15587946,96.39,2341,48.3839
22.18214002,96.39,2404,49.0306
22.20840059,96.39,2397,48.9592
22.23466115,96.39,2312,48.0833
22.26092172,96.39,2477,49.7695
22.28718228,96.39,2480,49.7996
22.31344285,96.39,2395,48.9387
22.33970341,96.39,2509,50.0899
22.36596398,96.39,2533,50.3289
22.39222455,96.39,2482,49.8197
22.41848511,96.39,2514,50.1398
22.44474568,96.39,2478,49.7795
22.47100624,96.39,2566,50.6557
22.49726681,96.39,2531,50.309
22.52352737,96.39,2461,49.6085
22.54978794,96.39,2550,50.4975
22.5760485,96.39,2575,50.7445
22.60230907,96.39,2522,50.2195
22.62856963,96.39,2579,50.7839
22.6548302,96.39,2534,50.3389
22.68109076,96.39,2593,50.9215
22.70735133,96.39,2696,51.923
22.73361189,96.39,2565,50.6458
22.75987246,96.39,2759,52.5262
22.78613303,96.39,2819,53.0943
22.81239359,96.39,2927,54.1018
22.83865416,96.39,2907,53.9166
22.86491472,96.39,2955,54.3599
22.89117529,96.39,2880,53.6656
22.91743585,96.39,2896,53.8145
22.94369642,96.39,2829,53.1883
22.96995698,96.39,2860,53.479
22.99621755,96.39,2840,53.2917
23.02247811,96.39,2817,53.0754
23.04873868,96.39,2850,53.3854
23.07499924,96.39,2935,54.1756
23.10125981,96.39,3014,54.8999
23.12752038,96.39,3224,56.7803
23.15378094,96.39,3327,57.6802
23.18004151,96.39,3327,57.6802
23.20630207,96.39,3225,56.7891
23.23256264,96.39,3108,55.7494
23.2588232,96.39,2888,53.7401
23.28508377,96.39,2760,52.5357
23.31134433,96.39,2810,53.0094
23.3376049,96.39,2839,53.2823
23.36386546,96.39,2819,53.0943
23.39012603,96.39,2857,53.4509
23.41638659,96.39,2677,51.7397
23.44264716,96.39,2523,50.2295
23.46890772,96.39,2496,49.96
23.49516829,96.39,2402,49.0102
23.52142886,96.39,2425,49.2443
23.54768942,96.39,2514,50.1398
23.57394999,96.39,2506,50.06
23.60021055,96.39,2443,49.4267
23.62647112,96.39,2374,48.7237
23.65273168,96.39,2257,47.5079
23.67899225,96.39,2199,46.8935
23.70525281,96.39,2099,45.8148
23.73151338,96.39,2177,46.6583
23.75777394,96.39,2186,46.7547
23.78403451,96.39,2120,46.0435
23.81029507,96.39,2195,46.8508
23.83655564,96.39,2118,46.0217
23.86281621,96.39,2135,46.2061
23.88907677,96.39,2091,45.7275
23.91533734,96.39,2105,45.8803
23.9415979,96.39,2010,44.833
23.96785847,96.39,2041,45.1774
23.99411903,96.39,2038,45.1442
24.0203796,96.39,1969,44.3734
24.04664016,96.39,1942,44.0681
24.07290073,96.39,2001,44.7325
24.09916129,96.39,2020,44.9444
24.12542186,96.39,1975,44.441
24.15168242,96.39,2020,44.9444
24.17794299,96.39,1970,44.3847
24.20420355,96.39,1994,44.6542
24.23046412,96.39,2040,45.1664
24.25672469,96.39,2058,45.3652
24.28298525,96.39,2043,45.1996
24.30924582,96.39,1881,43.3705
24.33550638,96.39,1911,43.715
24.36176695,96.39,1818,42.638
24.38802751,96.39,1846,42.9651
24.41428808,96.39,1800,42.4264
24.44054864,96.39,1796,42.3792
24.46680921,96.39,1805,42.4853
24.49306977,96.39,1875,43.3013
24.51933034,96.39,1884,43.4051
24.5455909,96.39,1798,42.4028
24.57185147,96.39,1804,42.4735
24.59811204,96.39,1959,44.2606
24.6243726,96.39,1838,42.8719
24.65063317,96.39,1849,43
24.67689373,96.39,1832,42.8019
24.7031543,96.39,1732,41.6173
24.72941486,96.39,1795,42.3674
24.75567543,96.39,1811,42.5558
24.78193599,96.39,1845,42.9535
24.80819656,96.39,1809,42.5323
24.83445712,96.39,1820,42.6615
24.86071769,96.39,1841,42.9069
24.88697825,96.39,1781,42.2019
24.91323882,96.39,1716,41.4246
24.93949938,96.39,1699,41.2189
24.96575995,96.39,1641,40.5093
24.99202052,96.39,1777,42.1545
25.01828108,96.39,1747,41.7971
25.04454165,96.39,1719,41.4608
25.07080221,96.39,1659,40.7308
25.09706278,96.39,1674,40.9145
25.12332334,96.39,1608,40.0999
25.14958391,96.39,1705,41.2916
25.17584447,96.39,1635,40.4351
25.20210504,96.39,1696,41.1825
25.2283656,96.39,1732,41.6173
25.25462617,96.39,1710,41.3521
25.28088673,96.39,1684,41.0366
25.3071473,96.39,1672,40.8901
25.33340786,96.39,1694,41.1582
25.35966843,96.39,1690,41.1096
25.385929,96.39,1706,41.3038
25.41218956,96.39,1786,42.2611
25.43845013,96.39,1671,40.8779
25.46471069,96.39,1676,40.939
25.49097126,96.39,1704,41.2795
25.51723182,96.39,1642,40.5216
25.54349239,96.39,1656,40.694
25.56975295,96.39,1642,40.5216
25.59601352,96.39,1647,40.5832
25.62227408,96.39,1680,40.9878
25.64853465,96.39,1660,40.7431
25.67479521,96.39,1664,40.7922
25.70105578,96.39,1676,40.939
25.72731635,96.39,1656,40.694
25.75357691,96.39,1677,40.9512
25.77983748,96.39,1634,40.4228
25.80609804,96.39,1595,39.9375
25.83235861,96.39,1701,41.2432
25.85861917,96.39,1727,41.5572
25.88487974,96.39,1832,42.8019
25.9111403,96.39,1790,42.3084
25.93740087,96.39,1749,41.821
25.96366143,96.39,1799,42.4146
25.989922,96.39,1732,41.6173
26.01618256,96.39,1748,41.8091
26.04244313,96.39,1730,41.5933
26.06870369,96.39,1744,41.7612
26.09496426,96.39,1756,41.9047
26.12122483,96.39,1741,41.7253
26.14748539,96.39,1768,42.0476
26.17374596,96.39,1570,39.6232
26.20000652,96.39,1742,41.7373
26.22626709,96.39,1574,39.6737
26.25252765,96.39,1684,41.0366
26.27878822,96.39,1587,39.8372
26.30504878,96.39,1649,40.6079
26.33130935,96.39,1635,40.4351
26.35756991,96.39,1611,40.1373
26.38383048,96.39,1647,40.5832
26.41009104,96.39,1650,40.6202
26.43635161,96.39,1662,40.7676
26.46261218,96.39,1566,39.5727
26.48887274,96.39,1654,40.6694
26.51513331,96.39,1676,40.939
26.54139387,96.39,1744,41.7612
26.56765444,96.39,1641,40.5093
26.593915,96.39,1658,40.7185
26.62017557,96.39,1748,41.8091
26.64643613,96.39,1767,42.0357
26.6726967,96.39,1808,42.5206
26.69895726,96.39,1974,44.4297
26.72521783,96.39,2167,46.551
26.75147839,96.39,2282,47.7703
26.77773896,96.39,2429,49.2849
26.80399952,96.39,2491,49.9099
26.83026009,96.39,2454,49.5379
26.85652066,96.39,2269,47.634
26.88278122,96.39,2131,46.1628
26.90904179,96.39,2150,46.3681
26.93530235,96.39,2098,45.8039
26.96156292,96.39,2236,47.2864
26.98782348,96.39,2319,48.156
27.01408405,96.39,2527,50.2693
27.04034461,96.39,2565,50.6458
27.06660518,96.39,2525,50.2494
27.09286574,96.39,2464,49.6387
27.11912631,96.39,2588,50.8724
27.14538687,96.39,2629,51.2738
27.17164744,96.39,2855,53.4322
27.19790801,96.39,2851,53.3948
27.22416857,96.39,2616,51.1468
27.25042914,96.39,2362,48.6004
27.2766897,96.39,2271,47.655
27.30295027,96.39,2057,45.3542
27.32921083,96.39,1936,44
27.3554714,96.39,1874,43.2897
27.38173196,96.39,1921,43.8292
27.40799253,96.39,1802,42.45
27.43425309,96.39,1813,42.5793
27.46051366,96.39,1728,41.5692
27.48677422,96.39,1700,41.2311
27.51303479,96.39,1669,40.8534
27.53929535,96.39,1659,40.7308
27.56555592,96.39,1776,42.1426
27.59181649,96.39,1752,41.8569
27.61807705,96.39,1643,40.5339
27.64433762,96.39,1679,40.9756
27.67059818,96.39,1742,41.7373
27.69685875,96.39,1721,41.4849
27.72311931,96.39,1697,41.1947
27.74937988,96.39,1668,40.8412
27.77564044,96.39,1713,41.3884
27.80190101,96.39,1635,40.4351
27.82816157,96.39,1651,40.6325
27.85442214,96.39,1699,41.2189
27.8806827,96.39,1628,40.3485
27.90694327,96.39,1622,40.2741
27.93320384,96.39,1706,41.3038
27.9594644,96.39,1707,41.3159
27.98572497,96.39,1663,40.7799
28.01198553,96.39,1665,40.8044
28.0382461,96.39,1755,41.8927
28.06450666,96.39,1766,42.0238
28.09076723,96.39,1643,40.5339
28.11702779,96.39,1623,40.2865
28.14328836,96.39,1659,40.7308
28.16954892,96.39,1710,41.3521
28.19580949,96.39,1671,40.8779
28.22207005,96.39,1694,41.1582
28.24833062,96.39,1691,41.1218
28.27459118,96.39,1686,41.0609
28.30085175,96.39,1734,41.6413
28.32711232,96.39,1737,41.6773
28.35337288,96.39,1788,42.2847
28.37963345,96.39,1855,43.0697
28.40589401,96.39,1793,42.3438
28.43215458,96.39,1777,42.1545
28.45841514,96.39,1792,42.332
28.48467571,96.39,1761,41.9643
28.51093627,96.39,1793,42.3438
28.53719684,96.39,1818,42.638
28.5634574,96.39,1722,41.497
28.58971797,96.39,1685,41.0488
28.61597853,96.39,1727,41.5572
28.6422391,96.39,1675,40.9268
28.66849967,96.39,1623,40.2865
28.69476023,96.39,1659,40.7308
28.7210208,96.39,1673,40.9023
28.74728136,96.39,1687,41.0731
28.77354193,96.39,1649,40.6079
28.79980249,96.39,1682,41.0122
28.82606306,96.39,1757,41.9166
28.85232362,96.39,1761,41.9643
28.87858419,96.39,1766,42.0238
28.90484475,96.39,1703,41.2674
28.93110532,96.39,1786,42.2611
28.95736588,96.39,1795,42.3674
28.98362645,96.39,1712,41.3763
29.00988701,96.39,1691,41.1218
29.03614758,96.39,1779,42.1782
29.06240815,96.39,1845,42.9535
29.08866871,96.39,1958,44.2493
29.11492928,96.39,2014,44.8776
29.14118984,96.39,2072,45.5192
29.16745041,96.39,2120,46.0435
29.19371097,96.39,2245,47.3814
29.21997154,96.39,2272,47.6655
29.2462321,96.39,2519,50.1896
29.27249267,96.39,2672,51.6914
29.29875323,96.39,2877,53.6377
29.3250138,96.39,2716,52.1153
29.35127436,96.39,2478,49.7795
29.37753493,96.39,2478,49.7795
29.40379549,96.39,2440,49.3964
29.43005606,96.39,2378,48.7647
29.45631663,96.39,2458,49.5782
29.48257719,96.39,2489,49.8899
29.50883776,96.39,2378,48.7647
29.53509832,96.39,2356,48.5386
29.56135889,96.39,2158,46.4543
29.58761945,96.39,2071,45.5082
29.61388002,96.39,2012,44.8553
29.64014058,96.39,1954,44.2041
29.66640115,96.39,1878,43.3359
29.69266171,96.39,1874,43.2897
29.71892228,96.39,1939,44.0341
29.74518284,96.39,1844,42.9418
29.77144341,96.39,1878,43.3359
29.79770398,96.39,1816,42.6146
29.82396454,96.39,1752,41.8569
29.85022511,96.39,1697,41.1947
29.87648567,96.39,1739,41.7013
29.90274624,96.39,1782,42.2137
29.9290068,96.39,1745,41.7732
29.95526737,96.39,1710,41.3521
29.98152793,96.39,1737,41.6773
30.0077885,96.39,1804,42.4735
30.03404906,96.39,1686,41.0609
30.06030963,96.39,1612,40.1497
30.08657019,96.39,1715,41.4126
30.11283076,96.39,1612,40.1497
30.13909132,96.39,1636,40.4475
30.16535189,96.39,1666,40.8167
30.19161246,96.39,1624,40.2989
30.21787302,96.39,1579,39.7366
30.24413359,96.39,1553,39.4081
30.27039415,96.39,1656,40.694
30.29665472,96.39,1551,39.3827
30.32291528,96.39,1572,39.6485
30.34917585,96.39,1655,40.6817
30.37543641,96.39,1588,39.8497
30.40169698,96.39,1611,40.1373
30.42795754,96.39,1684,41.0366
30.45421811,96.39,1747,41.7971
30.48047867,96.39,1760,41.9524
30.50673924,96.39,1820,42.6615
30.53299981,96.39,1731,41.6053
30.55926037,96.39,1743,41.7493
30.58552094,96.39,1764,42
30.6117815,96.39,1781,42.2019
30.63804207,96.39,1858,43.1045
30.66430263,96.39,1986,44.5646
30.6905632,96.39,1955,44.2154
30.71682376,96.39,1963,44.3058
30.74308433,96.39,1999,44.7102
30.76934489,96.39,1970,44.3847
30.79560546,96.39,1917,43.7836
30.82186602,96.39,1928,43.909
30.84812659,96.39,1955,44.2154
30.87438715,96.39,1876,43.3128
30.90064772,96.39,1749,41.821
30.92690829,96.39,1719,41.4608
30.95316885,96.39,1786,42.2611
30.97942942,96.39,1772,42.0951
31.00568998,96.39,1687,41.0731
31.03195055,96.39,1723,41.509
31.05821111,96.39,1761,41.9643
31.08447168,96.39,1686,41.0609
31.11073224,96.39,1780,42.19
31.13699281,96.39,1836,42.8486
31.16325337,96.39,1894,43.5201
31.18951394,96.39,2015,44.8888
31.2157745,96.39,2234,47.2652
31.24203507,96.39,2240,47.3286
31.26829564,96.39,2425,49.2443
31.2945562,96.39,2522,50.2195
31.32081677,96.39,2455,49.548
31.34707733,96.39,2545,50.448
31.3733379,96.39,2461,49.6085
31.39959846,96.39,2293,47.8853
31.42585903,96.39,2114,45.9783
31.45211959,96.39,2097,45.793
31.47838016,96.39,1968,44.3621
31.50464072,96.39,1838,42.8719
31.53090129,96.39,1847,42.9767
31.55716185,96.39,1823,42.6966
31.58342242,96.39,1710,41.3521
31.60968298,96.39,1688,41.0853
31.63594355,96.39,1750,41.833
31.66220412,96.39,1776,42.1426
31.68846468,96.39,1752,41.8569
31.71472525,96.39,1738,41.6893
31.74098581,96.39,1836,42.8486
31.76724638,96.39,1813,42.5793
31.79350694,96.39,1751,41.845
31.81976751,96.39,1771,42.0833
31.84602807,96.39,1802,42.45
31.87228864,96.39,1943,44.0795
31.8985492,96.39,1978,44.4747
31.92480977,96.39,1982,44.5197
31.95107033,96.39,1979,44.486
31.9773309,96.39,2036,45.1221
32.00359147,96.39,2061,45.3982
32.02985203,96.39,2032,45.0777
32.0561126,96.39,2075,45.5522
32.08237316,96.39,2006,44.7884
32.10863373,96.39,2041,45.1774
32.13489429,96.39,2053,45.31
32.16115486,96.39,2221,47.1275
32.18741542,96.39,2207,46.9787
32.21367599,96.39,2303,47.9896
32.23993655,96.39,2455,49.548
32.26619712,96.39,2553,50.5272
32.29245768,96.39,2462,49.6185
32.31871825,96.39,2270,47.6445
32.34497881,96.39,2160,46.4758
32.37123938,96.39,2151,46.3789
32.39749995,96.39,1963,44.3058
32.42376051,96.39,1746,41.7852
32.45002108,96.39,1764,42
32.47628164,96.39,1732,41.6173
32.50254221,96.39,1751,41.845
32.52880277,96.39,1666,40.8167
32.55506334,96.39,1624,40.2989
32.5813239,96.39,1699,41.2189
32.60758447,96.39,1720,41.4729
32.63384503,96.39,1764,42
32.6601056,96.39,1742,41.7373
32.68636616,96.39,1851,43.0232
32.71262673,96.39,1826,42.7317
32.7388873,96.39,1771,42.0833
32.76514786,96.39,1710,41.3521
32.79140843,96.39,1817,42.6263
32.81766899,96.39,1734,41.6413
32.84392956,96.39,1827,42.7434
32.87019012,96.39,1811,42.5558
32.89645069,96.39,1785,42.2493
32.92271125,96.39,1861,43.1393
32.94897182,96.39,1994,44.6542
32.97523238,96.39,1903,43.6234
33.00149295,96.39,1958,44.2493
33.02775351,96.39,1953,44.1928
33.05401408,96.39,2005,44.7772
33.08027464,96.39,1925,43.8748
33.10653521,96.39,1922,43.8406
33.13279578,96.39,1962,44.2945
33.15905634,96.39,1954,44.2041
33.18531691,96.39,1985,44.5533
33.21157747,96.39,1901,43.6005
33.23783804,96.39,1943,44.0795
33.2640986,96.39,1889,43.4626
33.29035917,96.39,1881,43.3705
33.31661973,96.39,1927,43.8976
33.3428803,96.39,1976,44.4522
33.36914086,96.39,2037,45.1331
33.39540143,96.39,2112,45.9565
33.42166199,96.39,2073,45.5302
33.44792256,96.39,2081,45.618
33.47418312,96.39,1985,44.5533
33.50044369,96.39,2076,45.5631
33.52670426,96.39,1902,43.6119
33.55296482,96.39,1970,44.3847
33.57922539,96.39,1923,43.852
33.60548595,96.39,1826,42.7317
33.63174652,96.39,1948,44.1362
33.65800708,96.39,1796,42.3792
33.68426765,96.39,1972,44.4072
33.71052821,96.39,2008,44.8107
33.73678878,96.39,1956,44.2267
33.76304934,96.39,1934,43.9773
33.78930991,96.39,1957,44.238
33.81557047,96.39,1896,43.5431
33.84183104,96.39,1926,43.8862
33.86809161,96.39,2040,45.1664
33.89435217,96.39,2112,45.9565
33.92061274,96.39,2070,45.4973
33.9468733,96.39,2149,46.3573
33.97313387,96.39,2143,46.2925
33.99939443,96.39,2204,46.9468
34.025655,96.39,2209,47
34.05191556,96.39,2337,48.3425
34.07817613,96.39,2328,48.2494
34.10443669,96.39,2288,47.833
34.13069726,96.39,2365,48.6313
34.15695782,96.39,2346,48.4355
34.18321839,96.39,2297,47.927
34.20947895,96.39,2386,48.8467
34.23573952,96.39,2449,49.4874
34.26200009,96.39,2384,48.8262
34.28826065,96.39,2335,48.3218
34.31452122,96.39,2476,49.7594
34.34078178,96.39,2487,49.8698
34.36704235,96.39,2491,49.9099
34.39330291,96.39,2724,52.192
34.41956348,96.39,2707,52.0288
34.44582404,96.39,2900,53.8516
34.47208461,96.39,2908,53.9259
34.49834517,96.39,3024,54.9909
34.52460574,96.39,3125,55.9017
34.5508663,96.39,3203,56.5951
34.57712687,96.39,3328,57.6888
34.60338744,96.39,3134,55.9821
34.629648,96.39,2934,54.1664
34.65590857,96.39,2887,53.7308
34.68216913,96.39,2766,52.5928
34.7084297,96.39,2634,51.3225
34.73469026,96.39,2558,50.5767
34.76095083,96.39,2442,49.4166
34.78721139,96.39,2366,48.6415
34.81347196,96.39,2349,48.4665
34.83973252,96.39,2436,49.3559
34.86599309,96.39,2292,47.8748
34.89225365,96.39,2375,48.734
34.91851422,96.39,2420,49.1935
34.94477478,96.39,2499,49.99
34.97103535,96.39,2509,50.0899
34.99729592,96.39,2554,50.5371
35.02355648,96.39,2448,49.4773
35.04981705,96.39,2496,49.96
35.07607761,96.39,2452,49.5177
35.10233818,96.39,2440,49.3964
35.12859874,96.39,2442,49.4166
35.15485931,96.39,2434,49.3356
35.18111987,96.39,2493,49.93
35.20738044,96.39,2360,48.5798
35.233641,96.39,2458,49.5782
35.25990157,96.39,2260,47.5395
35.28616213,96.39,2257,47.5079
35.3124227,96.39,2136,46.2169
35.33868327,96.39,2076,45.5631
35.36494383,96.39,2009,44.8219
35.3912044,96.39,1926,43.8862
35.41746496,96.39,1939,44.0341
35.44372553,96.39,1901,43.6005
35.46998609,96.39,1866,43.1972
35.49624666,96.39,1910,43.7035
35.52250722,96.39,1911,43.715
35.54876779,96.39,1870,43.2435
35.57502835,96.39,1881,43.3705
35.60128892,96.39,1903,43.6234
35.62754948,96.39,1866,43.1972
35.65381005,96.39,1881,43.3705
35.68007061,96.39,1892,43.4971
35.70633118,96.39,1964,44.317
35.73259175,96.39,1928,43.909
35.75885231,96.39,1975,44.441
35.78511288,96.39,1990,44.6094
35.81137344,96.39,2006,44.7884
35.83763401,96.39,2014,44.8776
35.86389457,96.39,2095,45.7712
35.89015514,96.39,2204,46.9468
35.9164157,96.39,2320,48.1664
35.94267627,96.39,2399,48.9796
35.96893683,96.39,2398,48.9694
35.9951974,96.39,2314,48.1041
36.02145796,96.39,2257,47.5079
36.04771853,96.39,2246,47.392
36.0739791,96.39,2210,47.0106
36.10023966,96.39,2305,48.0104
36.12650023,96.39,2316,48.1248
36.15276079,96.39,2586,50.8527
36.17902136,96.39,2666,51.6333
36.20528192,96.39,2676,51.7301
36.23154249,96.39,2522,50.2195
36.25780305,96.39,2404,49.0306
36.28406362,96.39,2268,47.6235
36.31032418,96.39,2153,46.4004
36.33658475,96.39,1922,43.8406
36.36284531,96.39,1718,41.4488
36.38910588,96.39,1800,42.4264
36.41536644,96.39,1811,42.5558
36.44162701,96.39,1685,41.0488
36.46788758,96.39,1686,41.0609
36.49414814,96.39,1623,40.2865
36.52040871,96.39,1685,41.0488
36.54666927,96.39,1721,41.4849
36.57292984,96.39,1695,41.1704
36.5991904,96.39,1530,39.1152
36.62545097,96.39,1634,40.4228
36.65171153,96.39,1637,40.4599
36.6779721,96.39,1532,39.1408
36.70423266,96.39,1517,38.9487
36.73049323,96.39,1585,39.8121
36.75675379,96.39,1537,39.2046
36.78301436,96.39,1550,39.37
36.80927492,96.39,1464,38.2623
36.83553549,96.39,1404,37.47
36.86179606,96.39,1417,37.6431
36.88805662,96.39,1455,38.1445
36.91431719,96.39,1511,38.8716
36.94057775,96.39,1504,38.7814
36.96683832,96.39,1398,37.3898
36.99309888,96.39,1503,38.7685
37.01935945,96.39,1467,38.3014
37.04562001,96.39,1509,38.8458
37.07188058,96.39,1486,38.5487
37.09814114,96.39,1512,38.8844
37.12440171,96.39,1517,38.9487
37.15066227,96.39,1578,39.724
37.17692284,96.39,1614,40.1746
37.20318341,96.39,1659,40.7308
37.22944397,96.39,1692,41.1339
37.25570454,96.39,1570,39.6232
37.2819651,96.39,1551,39.3827
37.30822567,96.39,1584,39.7995
37.33448623,96.39,1535,39.1791
37.3607468,96.39,1610,40.1248
37.38700736,96.39,1641,40.5093
37.41326793,96.39,1639,40.4846
37.43952849,96.39,1668,40.8412
37.46578906,96.39,1778,42.1663
37.49204962,96.39,1751,41.845
37.51831019,96.39,1714,41.4005
37.54457075,96.39,1780,42.19
37.57083132,96.39,1742,41.7373
37.59709189,96.39,1692,41.1339
37.62335245,96.39,1738,41.6893
37.64961302,96.39,1620,40.2492
37.67587358,96.39,1700,41.2311
37.70213415,96.39,1791,42.3202
37.72839471,96.39,1744,41.7612
37.75465528,96.39,1862,43.1509
37.78091584,96.39,1929,43.9204
37.80717641,96.39,1958,44.2493
37.83343697,96.39,2091,45.7275
37.85969754,96.39,2139,46.2493
37.8859581,96.39,2012,44.8553
37.91221867,96.39,2073,45.5302
37.93847924,96.39,1889,43.4626
37.9647398,96.39,1931,43.9431
37.99100037,96.39,1787,42.2729
38.01726093,96.39,1739,41.7013
38.0435215,96.39,1707,41.3159
38.06978206,96.39,1680,40.9878
38.09604263,96.39,1636,40.4475
38.12230319,96.39,1680,40.9878
38.14856376,96.39,1638,40.4722
38.17482432,96.39,1719,41.4608
38.20108489,96.39,1673,40.9023
38.22734545,96.39,1662,40.7676
38.25360602,96.39,1641,40.5093
38.27986658,96.39,1639,40.4846
38.30612715,96.39,1621,40.2616
38.33238772,96.39,1510,38.8587
38.35864828,96.39,1499,38.7169
38.38490885,96.39,1536,39.1918
38.41116941,96.39,1543,39.281
38.43742998,96.39,1456,38.1576
38.46369054,96.39,1480,38.4708
38.48995111,96.39,1554,39.4208
38.51621167,96.39,1464,38.2623
38.54247224,96.39,1480,38.4708
38.5687328,96.39,1515,38.923
38.59499337,96.39,1458,38.1838
38.62125393,96.39,1579,39.7366
38.6475145,96.39,1469,38.3275
38.67377507,96.39,1392,37.3095
38.70003563,96.39,1473,38.3797
38.7262962,96.39,1480,38.4708
38.75255676,96.39,1467,38.3014
38.77881733,96.39,1463,38.2492
38.80507789,96.39,1517,38.9487
38.83133846,96.39,1484,38.5227
38.85759902,96.39,1470,38.3406
38.88385959,96.39,1497,38.6911
38.91012015,96.39,1429,37.8021
38.93638072,96.39,1384,37.2022
38.96264128,96.39,1423,37.7227
38.98890185,96.39,1450,38.0789
39.01516241,96.39,1429,37.8021
39.04142298,96.39,1407,37.51
39.06768355,96.39,1430,37.8153
39.09394411,96.39,1512,38.8844
39.12020468,96.39,1436,37.8946
39.14646524,96.39,1515,38.923
39.17272581,96.39,1522,39.0128
39.19898637,96.39,1571,39.6358
39.22524694,96.39,1536,39.1918
39.2515075,96.39,1532,39.1408
39.27776807,96.39,1512,38.8844
39.30402863,96.39,1497,38.6911
39.3302892,96.39,1425,37.7492
39.35654976,96.39,1459,38.1969
39.38281033,96.39,1476,38.4187
39.4090709,96.39,1415,37.6165
39.43533146,96.39,1420,37.6829
39.46159203,96.39,1372,37.0405
39.48785259,96.39,1446,38.0263
39.51411316,96.39,1456,38.1576
39.54037372,96.39,1369,37
39.56663429,96.39,1431,37.8286
39.59289485,96.39,1412,37.5766
39.61915542,96.39,1369,37
39.64541598,96.39,1433,37.855
39.67167655,96.39,1420,37.6829
39.69793711,96.39,1393,37.3229
39.72419768,96.39,1478,38.4448
39.75045824,96.39,1438,37.921
39.77671881,96.39,1382,37.1753
39.80297938,96.39,1459,38.1969
39.82923994,96.39,1436,37.8946
39.85550051,96.39,1431,37.8286
39.88176107,96.39,1448,38.0526
39.90802164,96.39,1454,38.1314
39.9342822,96.39,1394,37.3363
39.96054277,96.39,1385,37.2156
39.98680333,96.39,1392,37.3095
40.0130639,96.39,1364,36.9324
40.03932446,96.39,1343,36.647
40.06558503,96.39,1416,37.6298
40.09184559,96.39,1361,36.8917
40.11810616,96.39,1347,36.7015
40.14436673,96.39,1394,37.3363
40.17062729,96.39,1330,36.4692
40.19688786,96.39,1245,35.2846
40.22314842,96.39,1336,36.5513
40.24940899,96.39,1274,35.6931
40.27566955,96.39,1330,36.4692
40.30193012,96.39,1272,35.6651
40.32819068,96.39,1256,35.4401
40.35445125,96.39,1221,34.9428
40.38071181,96.39,1222,34.9571
40.40697238,96.39,1271,35.6511
40.43323294,96.39,1236,35.1568
40.45949351,96.39,1275,35.7071
40.48575407,96.39,1235,35.1426
40.51201464,96.39,1239,35.1994
40.53827521,96.39,1257,35.4542
40.56453577,96.39,1292,35.9444
40.59079634,96.39,1305,36.1248
40.6170569,96.39,1274,35.6931
40.64331747,96.39,1278,35.7491
40.66957803,96.39,1279,35.7631
40.6958386,96.39,1322,36.3593
40.72209916,96.39,1315,36.2629
40.74835973,96.39,1240,35.2136
40.77462029,96.39,1262,35.5246
40.80088086,96.39,1244,35.2704
40.82714142,96.39,1225,35
40.85340199,96.39,1144,33.8231
40.87966255,96.39,1158,34.0294
40.90592312,96.39,1176,34.2929
40.93218369,96.39,1241,35.2278
40.95844425,96.39,1282,35.805
40.98470482,96.39,1174,34.2637
41.01096538,96.39,1208,34.7563
41.03722595,96.39,1178,34.322
41.06348651,96.39,1205,34.7131
41.08974708,96.39,1223,34.9714
41.11600764,96.39,1176,34.2929
41.14226821,96.39,1169,34.1906
41.16852877,96.39,1202,34.6699
41.19478934,96.39,1190,34.4964
41.2210499,96.39,1150,33.9116
41.24731047,96.39,1197,34.5977
41.27357104,96.39,1163,34.1028
41.2998316,96.39,1188,34.4674
41.32609217,96.39,1167,34.1614
41.35235273,96.39,1137,33.7194
41.3786133,96.39,1225,35
41.40487386,96.39,1143,33.8083
41.43113443,96.39,1145,33.8378
41.45739499,96.39,1160,34.0588
41.48365556,96.39,1177,34.3074
41.50991612,96.39,1135,33.6898
41.53617669,96.39,1160,34.0588
41.56243725,96.39,1185,34.4238
41.58869782,96.39,1207,34.7419
41.61495838,96.39,1232,35.0999
41.64121895,96.39,1189,34.4819
41.66747952,96.39,1226,35.0143
41.69374008,96.39,1186,34.4384
41.72000065,96.39,1212,34.8138
41.74626121,96.39,1208,34.7563
41.77252178,96.39,1230,35.0714
41.79878234,96.39,1161,34.0735
41.82504291,96.39,1178,34.322
41.85130347,96.39,1140,33.7639
41.87756404,96.39,1140,33.7639
41.9038246,96.39,1125,33.541
41.93008517,96.39,1125,33.541
41.95634573,96.39,1147,33.8674
41.9826063,96.39,1165,34.1321
42.00886687,96.39,1206,34.7275
42.03512743,96.39,1294,35.9722
42.061388,96.39,1307,36.1525
42.08764856,96.39,1480,38.4708
42.11390913,96.39,1563,39.5348
42.14016969,96.39,1652,40.6448
42.16643026,96.39,1557,39.4588
42.19269082,96.39,1559,39.4842
42.21895139,96.39,1356,36.8239
42.24521195,96.39,1458,38.1838
42.27147252,96.39,1390,37.2827
42.29773308,96.39,1337,36.565
42.32399365,96.39,1203,34.6843
42.35025421,96.39,1181,34.3657
42.37651478,96.39,1216,34.8712
42.40277535,96.39,1113,33.3617
42.42903591,96.39,1132,33.6452
42.45529648,96.39,1139,33.7491
42.48155704,96.39,1099,33.1512
42.50781761,96.39,1009,31.7648
42.53407817,96.39,1047,32.3574
42.56033874,96.39,1060,32.5576
42.5865993,96.39,1116,33.4066
42.61285987,96.39,1116,33.4066
42.63912043,96.39,1164,34.1174
42.665381,96.39,1043,32.2955
42.69164156,96.39,1154,33.9706
42.71790213,96.39,1140,33.7639
42.7441627,96.39,1128,33.5857
42.77042326,96.39,1183,34.3948
42.79668383,96.39,1094,33.0757
42.82294439,96.39,1111,33.3317
42.84920496,96.39,1105,33.2415
42.87546552,96.39,1124,33.5261
42.90172609,96.39,1058,32.5269
42.92798665,96.39,971,31.1609
42.95424722,96.39,1010,31.7805
42.98050778,96.39,992,31.496
43.00676835,96.39,1024,32
43.03302891,96.39,1083,32.909
43.05928948,96.39,1028,32.0624
43.08555004,96.39,1050,32.4037
43.11181061,96.39,1133,33.6601
43.13807118,96.39,1103,33.2114
43.16433174,96.39,1036,32.187
43.19059231,96.39,1051,32.4191
43.21685287,96.39,1025,32.0156
43.24311344,96.39,1073,32.7567
43.269374,96.39,998,31.5911
43.29563457,96.39,1027,32.0468
43.32189513,96.39,1008,31.749
43.3481557,96.39,987,31.4166
43.37441626,96.39,1038,32.218
43.40067683,96.39,1028,32.0624
43.42693739,96.39,1066,32.6497
43.45319796,96.39,1023,31.9844
43.47945853,96.39,1028,32.0624
43.50571909,96.39,1082,32.8938
43.53197966,96.39,971,31.1609
43.55824022,96.39,1020,31.9374
43.58450079,96.39,989,31.4484
43.61076135,96.39,975,31.225
43.63702192,96.39,1082,32.8938
43.66328248,96.39,955,30.9031
43.68954305,96.39,1022,31.9687
43.71580361,96.39,1043,32.2955
43.74206418,96.39,1073,32.7567
43.76832474,96.39,1065,32.6343
43.79458531,96.39,1100,33.1662
43.82084587,96.39,1104,33.2265
43.84710644,96.39,1086,32.9545
43.87336701,96.39,1103,33.2114
43.89962757,96.39,1044,32.311
43.92588814,96.39,1022,31.9687
43.9521487,96.39,1061,32.573
43.97840927,96.39,1041,32.2645
44.00466983,96.39,986,31.4006
44.0309304,96.39,1075,32.7872
44.05719096,96.39,1095,33.0908
44.08345153,96.39,1002,31.6544
44.10971209,96.39,1074,32.7719
44.13597266,96.39,1073,32.7567
44.16223322,96.39,1110,33.3167
44.18849379,96.39,1081,32.8786
44.21475435,96.39,1115,33.3916
44.24101492,96.39,1096,33.1059
44.26727549,96.39,1108,33.2866
44.29353605,96.39,1076,32.8024
44.31979662,96.39,1155,33.9853
44.34605718,96.39,1183,34.3948
44.37231775,96.39,1137,33.7194
44.39857831,96.39,1091,33.0303
44.42483888,96.39,1056,32.4962
44.45109944,96.39,1108,33.2866
44.47736001,96.39,1062,32.5883
44.50362057,96.39,1008,31.749
44.52988114,96.39,1046,32.3419
44.5561417,96.39,1087,32.9697
44.58240227,96.39,1077,32.8177
44.60866284,96.39,1142,33.7935
44.6349234,96.39,1058,32.5269
44.66118397,96.39,1107,33.2716
44.68744453,96.39,1118,33.4365
44.7137051,96.39,1131,33.6303
44.73996566,96.39,1150,33.9116
44.76622623,96.39,1097,33.121
44.79248679,96.39,1083,32.909
44.81874736,96.39,1201,34.6554
44.84500792,96.39,1149,33.8969
44.87126849,96.39,1175,34.2783
44.89752905,96.39,1134,33.6749
44.92378962,96.39,1126,33.5559
44.95005018,96.39,1142,33.7935
44.97631075,96.39,1143,33.8083
45.00257132,96.39,1143,33.8083
45.02883188,96.39,1150,33.9116
45.05509245,96.39,1140,33.7639
45.08135301,96.39,1081,32.8786
45.10761358,96.39,1169,34.1906
45.13387414,96.39,1171,34.2199
45.16013471,96.39,1200,34.641
45.18639527,96.39,1130,33.6155
45.21265584,96.39,1135,33.6898
45.2389164,96.39,1109,33.3017
45.26517697,96.39,1154,33.9706
45.29143753,96.39,1093,33.0606
45.3176981,96.39,1118,33.4365
45.34395867,96.39,1103,33.2114
45.37021923,96.39,1035,32.1714
45.3964798,96.39,1058,32.5269
45.42274036,96.39,1112,33.3467
45.44900093,96.39,1086,32.9545
45.47526149,96.39,1046,32.3419
45.50152206,96.39,1142,33.7935
45.52778262,96.39,1062,32.5883
45.55404319,96.39,1104,33.2265
45.58030375,96.39,1155,33.9853
45.60656432,96.39,1114,33.3766
45.63282488,96.39,1171,34.2199
45.65908545,96.39,1124,33.5261
45.68534601,96.39,1153,33.9559
45.71160658,96.39,1112,33.3467
45.73786715,96.39,1150,33.9116
45.76412771,96.39,1081,32.8786
45.79038828,96.39,1175,34.2783
45.81664884,96.39,1128,33.5857
45.84290941,96.39,1134,33.6749
45.86916997,96.39,1124,33.5261
45.89543054,96.39,1081,32.8786
45.9216911,96.39,1081,32.8786
45.94795167,96.39,1058,32.5269
45.97421223,96.39,1134,33.6749
46.0004728,96.39,1091,33.0303
46.02673336,96.39,1073,32.7567
46.05299393,96.39,1167,34.1614
46.0792545,96.39,1170,34.2053
46.10551506,96.39,1256,35.4401
46.13177563,96.39,1266,35.5809
46.15803619,96.39,1293,35.9583
46.18429676,96.39,1357,36.8375
46.21055732,96.39,1441,37.9605
46.23681789,96.39,1370,37.0135
46.26307845,96.39,1302,36.0832
46.28933902,96.39,1358,36.8511
46.31559958,96.39,1353,36.7831
46.34186015,96.39,1294,35.9722
46.36812071,96.39,1310,36.1939
46.39438128,96.39,1257,35.4542
46.42064184,96.39,1182,34.3802
46.44690241,96.39,1208,34.7563
46.47316298,96.39,1184,34.4093
46.49942354,96.39,1201,34.6554
46.52568411,96.39,1150,33.9116
46.55194467,96.39,1166,34.1467
46.57820524,96.39,1105,33.2415
46.6044658,96.39,1070,32.7109
46.63072637,96.39,1093,33.0606
46.65698693,96.39,1200,34.641
46.6832475,96.39,1173,34.2491
46.70950806,96.39,1208,34.7563
46.73576863,96.39,1170,34.2053
46.76202919,96.39,1163,34.1028
46.78828976,96.39,1138,33.7343
46.81455033,96.39,1113,33.3617
46.84081089,96.39,1156,34
46.86707146,96.39,1147,33.8674
46.89333202,96.39,1057,32.5115
46.91959259,96.39,1061,32.573
46.94585315,96.39,1027,32.0468
46.97211372,96.39,1035,32.1714
46.99837428,96.39,1070,32.7109
47.02463485,96.39,1051,32.4191
47.05089541,96.39,1000,31.6228
47.07715598,96.39,1058,32.5269
47.10341654,96.39,1074,32.7719
47.12967711,96.39,1090,33.0151
47.15593767,96.39,1058,32.5269
47.18219824,96.39,1114,33.3766
47.20845881,96.39,1039,32.2335
47.23471937,96.39,1113,33.3617
47.26097994,96.39,1070,32.7109
47.2872405,96.39,1147,33.8674
47.31350107,96.39,1099,33.1512
47.33976163,96.39,1141,33.7787
47.3660222,96.39,1138,33.7343
47.39228276,96.39,1142,33.7935
47.41854333,96.39,1154,33.9706
47.44480389,96.39,1081,32.8786
47.47106446,96.39,1140,33.7639
47.49732502,96.39,1099,33.1512
47.52358559,96.39,1111,33.3317
47.54984616,96.39,1133,33.6601
47.57610672,96.39,1115,33.3916
47.60236729,96.39,1132,33.6452
47.62862785,96.39,1054,32.4654
47.65488842,96.39,1100,33.1662
47.68114898,96.39,1110,33.3167
47.70740955,96.39,1108,33.2866
47.73367011,96.39,1146,33.8526
47.75993068,96.39,1137,33.7194
47.78619124,96.39,1170,34.2053
47.81245181,96.39,1125,33.541
47.83871237,96.39,1131,33.6303
47.86497294,96.39,1136,33.7046
47.8912335,96.39,1054,32.4654
47.91749407,96.39,1115,33.3916
47.94375464,96.39,1067,32.665
47.9700152,96.39,1068,32.6803
47.99627577,96.39,1032,32.1248
48.02253633,96.39,1001,31.6386
48.0487969,96.39,1023,31.9844
48.07505746,96.39,1028,32.0624
48.10131803,96.39,1008,31.749
48.12757859,96.39,1026,32.0312
48.15383916,96.39,1030,32.0936
48.18009972,96.39,980,31.305
48.20636029,96.39,1025,32.0156
48.23262085,96.39,940,30.6594
48.25888142,96.39,1073,32.7567
48.28514198,96.39,1062,32.5883
48.31140255,96.39,1064,32.619
48.33766312,96.39,1094,33.0757
48.36392368,96.39,1140,33.7639
48.39018425,96.39,1177,34.3074
48.41644481,96.39,1193,34.5398
48.44270538,96.39,1230,35.0714
48.46896594,96.39,1151,33.9264
48.49522651,96.39,1207,34.7419
48.52148707,96.39,1118,33.4365
48.54774764,96.39,1210,34.7851
48.5740082,96.39,1053,32.45
48.60026877,96.39,1075,32.7872
48.62652933,96.39,1083,32.909
48.6527899,96.39,1012,31.8119
48.67905047,96.39,961,31
48.70531103,96.39,960,30.9839
48.7315716,96.39,961,31
48.75783216,96.39,1006,31.7175
48.78409273,96.39,910,30.1662
48.81035329,96.39,923,30.3809
48.83661386,96.39,941,30.6757
48.86287442,96.39,1000,31.6228
48.88913499,96.39,965,31.0644
48.91539555,96.39,989,31.4484
48.94165612,96.39,938,30.6268
48.96791668,96.39,933,30.545
48.99417725,96.39,949,30.8058
49.02043781,96.39,1004,31.686
49.04669838,96.39,1045,32.3265
49.07295895,96.39,1044,32.311
49.09921951,96.39,1010,31.7805
49.12548008,96.39,983,31.3528
49.15174064,96.39,1022,31.9687
49.17800121,96.39,1052,32.4345
49.20426177,96.39,983,31.3528
49.23052234,96.39,1033,32.1403
49.2567829,96.39,963,31.0322
49.28304347,96.39,977,31.257
49.30930403,96.39,916,30.2655
49.3355646,96.39,874,29.5635
49.36182516,96.39,890,29.8329
49.38808573,96.39,906,30.0998
49.4143463,96.39,898,29.9666
49.44060686,96.39,927,30.4467
49.46686743,96.39,876,29.5973
49.49312799,96.39,889,29.8161
49.51938856,96.39,875,29.5804
49.54564912,96.39,909,30.1496
49.57190969,96.39,934,30.5614
49.59817025,96.39,969,31.1288
49.62443082,96.39,898,29.9666
49.65069138,96.39,910,30.1662
49.67695195,96.39,904,30.0666
49.70321251,96.39,913,30.2159
49.72947308,96.39,892,29.8664
49.75573364,96.39,968,31.1127
49.78199421,96.39,898,29.9666
49.80825478,96.39,958,30.9516
49.83451534,96.39,923,30.3809
49.86077591,96.39,860,29.3258
49.88703647,96.39,862,29.3598
49.91329704,96.39,913,30.2159
49.9395576,96.39,867,29.4449
49.96581817,96.39,902,30.0333
49.99207873,96.39,843,29.0345
50.0183393,96.39,822,28.6705
50.04459986,96.39,827,28.7576
50.07086043,96.39,812,28.4956
50.09712099,96.39,833,28.8617
50.12338156,96.39,834,28.8791
50.14964213,96.39,872,29.5296
50.17590269,96.39,896,29.9333
50.20216326,96.39,865,29.4109
50.22842382,96.39,918,30.2985
50.25468439,96.39,892,29.8664
50.28094495,96.39,859,29.3087
50.30720552,96.39,950,30.8221
50.33346608,96.39,893,29.8831
50.35972665,96.39,874,29.5635
50.38598721,96.39,905,30.0832
50.41224778,96.39,953,30.8707
50.43850834,96.39,980,31.305
50.46476891,96.39,1072,32.7414
50.49102947,96.39,1049,32.3883
50.51729004,96.39,985,31.3847
50.54355061,96.39,976,31.241
50.56981117,96.39,1005,31.7017
50.59607174,96.39,953,30.8707
50.6223323,96.39,983,31.3528
50.64859287,96.39,888,29.7993
50.67485343,96.39,901,30.0167
50.701114,96.39,906,30.0998
50.72737456,96.39,964,31.0483
50.75363513,96.39,913,30.2159
50.77989569,96.39,919,30.315
50.80615626,96.39,917,30.282
50.83241682,96.39,862,29.3598
50.85867739,96.39,912,30.1993
50.88493796,96.39,947,30.7734
50.91119852,96.39,961,31
50.93745909,96.39,844,29.0517
50.96371965,96.39,872,29.5296
50.98998022,96.39,938,30.6268
51.01624078,96.39,937,30.6105
51.04250135,96.39,1023,31.9844
51.06876191,96.39,969,31.1288
51.09502248,96.39,974,31.209
51.12128304,96.39,972,31.1769
51.14754361,96.39,956,30.9192
51.17380417,96.39,898,29.9666
51.20006474,96.39,881,29.6816
51.2263253,96.39,912,30.1993
51.25258587,96.39,875,29.5804
51.27884644,96.39,806,28.3901
51.305107,96.39,832,28.8444
51.33136757,96.39,840,28.9828
51.35762813,96.39,792,28.1425
51.3838887,96.39,778,27.8927
51.41014926,96.39,805,28.3725
51.43640983,96.39,805,28.3725
51.46267039,96.39,789,28.0891
51.48893096,96.39,717,26.7769
51.51519152,96.39,760,27.5681
51.54145209,96.39,767,27.6948
51.56771265,96.39,723,26.8887
51.59397322,96.39,810,28.4605
51.62023378,96.39,800,28.2843
51.64649435,96.39,806,28.3901
51.67275492,96.39,798,28.2489
51.69901548,96.39,760,27.5681
51.72527605,96.39,823,28.688
51.75153661,96.39,763,27.6225
51.77779718,96.39,815,28.5482
51.80405774,96.39,825,28.7228
51.83031831,96.39,820,28.6356
51.85657887,96.39,826,28.7402
51.88283944,96.39,842,29.0172
51.9091,96.39,817,28.5832
51.93536057,96.39,821,28.6531
51.96162113,96.39,837,28.931
51.9878817,96.39,842,29.0172
52.01414227,96.39,794,28.178
52.04040283,96.39,785,28.0179
52.0666634,96.39,768,27.7128
52.09292396,96.39,763,27.6225
52.11918453,96.39,798,28.2489
52.14544509,96.39,832,28.8444
52.17170566,96.39,773,27.8029
52.19796622,96.39,714,26.7208
52.22422679,96.39,823,28.688
52.25048735,96.39,822,28.6705
52.27674792,96.39,840,28.9828
52.30300848,96.39,748,27.3496
52.32926905,96.39,834,28.8791
52.35552961,96.39,783,27.9821
52.38179018,96.39,746,27.313
52.40805075,96.39,764,27.6405
52.43431131,96.39,760,27.5681
52.46057188,96.39,813,28.5132
52.48683244,96.39,785,28.0179
52.51309301,96.39,785,28.0179
52.53935357,96.39,814,28.5307
52.56561414,96.39,802,28.3196
52.5918747,96.39,789,28.0891
52.61813527,96.39,757,27.5136
52.64439583,96.39,768,27.7128
52.6706564,96.39,758,27.5318
52.69691696,96.39,760,27.5681
52.72317753,96.39,787,28.0535
52.7494381,96.39,710,26.6458
52.77569866,96.39,801,28.3019
52.80195923,96.39,775,27.8388
52.82821979,96.39,765,27.6586
52.85448036,96.39,722,26.8701
52.88074092,96.39,797,28.2312
52.90700149,96.39,805,28.3725
52.93326205,96.39,799,28.2666
52.95952262,96.39,746,27.313
52.98578318,96.39,792,28.1425
53.01204375,96.39,788,28.0713
53.03830431,96.39,752,27.4226
53.06456488,96.39,819,28.6182
53.09082544,96.39,787,28.0535
53.11708601,96.39,780,27.9285
53.14334658,96.39,788,28.0713
53.16960714,96.39,778,27.8927
53.19586771,96.39,816,28.5657
53.22212827,96.39,772,27.7849
53.24838884,96.39,756,27.4955
53.2746494,96.39,771,27.7669
53.30090997,96.39,828,28.775
53.32717053,96.39,765,27.6586
53.3534311,96.39,808,28.4253
53.37969166,96.39,790,28.1069
53.40595223,96.39,778,27.8927
53.43221279,96.39,762,27.6043
53.45847336,96.39,790,28.1069
53.48473393,96.39,782,27.9643
53.51099449,96.39,776,27.8568
53.53725506,96.39,818,28.6007
53.56351562,96.39,829,28.7924
53.58977619,96.39,753,27.4408
53.61603675,96.39,749,27.3679
53.64229732,96.39,726,26.9444
53.66855788,96.39,757,27.5136
53.69481845,96.39,761,27.5862
53.72107901,96.39,730,27.0185
53.74733958,96.39,745,27.2947
53.77360014,96.39,731,27.037
53.79986071,96.39,817,28.5832
53.82612127,96.39,851,29.1719
53.85238184,96.39,831,28.8271
53.87864241,96.39,827,28.7576
53.90490297,96.39,881,29.6816
53.93116354,96.39,868,29.4618
53.9574241,96.39,906,30.0998
53.98368467,96.39,907,30.1164
54.00994523,96.39,872,29.5296
54.0362058,96.39,867,29.4449
54.06246636,96.39,892,29.8664
54.08872693,96.39,825,28.7228
54.11498749,96.39,860,29.3258
54.14124806,96.39,851,29.1719
54.16750862,96.39,794,28.178
54.19376919,96.39,825,28.7228
54.22002976,96.39,742,27.2397
54.24629032,96.39,828,28.775
54.27255089,96.39,855,29.2404
54.29881145,96.39,822,28.6705
54.32507202,96.39,846,29.0861
54.35133258,96.39,809,28.4429
54.37759315,96.39,773,27.8029
54.40385371,96.39,866,29.4279
54.43011428,96.39,786,28.0357
54.45637484,96.39,788,28.0713
54.48263541,96.39,761,27.5862
54.50889597,96.39,797,28.2312
54.53515654,96.39,819,28.6182
54.5614171,96.39,770,27.7489
54.58767767,96.39,712,26.6833
54.61393824,96.39,716,26.7582
54.6401988,96.39,753,27.4408
54.66645937,96.39,693,26.3249
54.69271993,96.39,660,25.6905
54.7189805,96.39,740,27.2029
54.74524106,96.39,690,26.2679
54.77150163,96.39,715,26.7395
54.79776219,96.39,734,27.0924
54.82402276,96.39,696,26.3818
54.85028332,96.39,767,27.6948
54.87654389,96.39,705,26.5518
54.90280445,96.39,693,26.3249
54.92906502,96.39,712,26.6833
54.95532559,96.39,692,26.3059
54.98158615,96.39,685,26.1725
55.00784672,96.39,738,27.1662
55.03410728,96.39,736,27.1293
55.06036785,96.39,685,26.1725
55.08662841,96.39,632,25.1396
55.11288898,96.39,716,26.7582
55.13914954,96.39,726,26.9444
55.16541011,96.39,713,26.7021
55.19167067,96.39,684,26.1534
55.21793124,96.39,693,26.3249
55.2441918,96.39,705,26.5518
55.27045237,96.39,723,26.8887
55.29671293,96.39,744,27.2764
55.3229735,96.39,720,26.8328
55.34923407,96.39,797,28.2312
55.37549463,96.39,703,26.5141
55.4017552,96.39,800,28.2843
55.42801576,96.39,739,27.1846
55.45427633,96.39,718,26.7955
55.48053689,96.39,789,28.0891
55.50679746,96.39,701,26.4764
55.53305802,96.39,730,27.0185
55.55931859,96.39,664,25.7682
55.58557915,96.39,768,27.7128
55.61183972,96.39,679,26.0576
55.63810028,96.39,649,25.4755
55.66436085,96.39,682,26.1151
55.69062141,96.39,697,26.4008
55.71688198,96.39,662,25.7294
55.74314255,96.39,706,26.5707
55.76940311,96.39,714,26.7208
55.79566368,96.39,694,26.3439
55.82192424,96.39,705,26.5518
55.84818481,96.39,712,26.6833
55.87444537,96.39,711,26.6646
55.90070594,96.39,669,25.865
55.9269665,96.39,700,26.4575
55.95322707,96.39,778,27.8927
55.97948763,96.39,716,26.7582
56.0057482,96.39,775,27.8388
56.03200876,96.39,793,28.1603
56.05826933,96.39,793,28.1603
56.0845299,96.39,740,27.2029
56.11079046,96.39,806,28.3901
56.13705103,96.39,799,28.2666
56.16331159,96.39,752,27.4226
56.18957216,96.39,786,28.0357
56.21583272,96.39,807,28.4077
56.24209329,96.39,817,28.5832
56.26835385,96.39,688,26.2298
56.29461442,96.39,731,27.037
56.32087498,96.39,753,27.4408
56.34713555,96.39,746,27.313
56.37339611,96.39,749,27.3679
56.39965668,96.39,723,26.8887
56.42591724,96.39,743,27.258
56.45217781,96.39,743,27.258
56.47843838,96.39,728,26.9815
56.50469894,96.39,781,27.9464
56.53095951,96.39,746,27.313
56.55722007,96.39,708,26.6083
56.58348064,96.39,709,26.6271
56.6097412,96.39,668,25.8457
56.63600177,96.39,706,26.5707
56.66226233,96.39,706,26.5707
56.6885229,96.39,714,26.7208
56.71478346,96.39,711,26.6646
56.74104403,96.39,697,26.4008
56.76730459,96.39,712,26.6833
56.79356516,96.39,639,25.2784
56.81982573,96.39,643,25.3574
56.84608629,96.39,707,26.5895
56.87234686,96.39,680,26.0768
56.89860742,96.39,719,26.8142
56.92486799,96.39,654,25.5734
56.95112855,96.39,738,27.1662
56.97738912,96.39,731,27.037
57.00364968,96.39,644,25.3772
57.02991025,96.39,708,26.6083
57.05617081,96.39,718,26.7955
57.08243138,96.39,763,27.6225
57.10869194,96.39,756,27.4955
57.13495251,96.39,786,28.0357
57.16121307,96.39,761,27.5862
57.18747364,96.39,776,27.8568
57.21373421,96.39,785,28.0179
57.23999477,96.39,762,27.6043
57.26625534,96.39,806,28.3901
57.2925159,96.39,742,27.2397
57.31877647,96.39,713,26.7021
57.34503703,96.39,699,26.4386
57.3712976,96.39,709,26.6271
57.39755816,96.39,687,26.2107
57.42381873,96.39,725,26.9258
57.45007929,96.39,689,26.2488
57.47633986,96.39,730,27.0185
57.50260042,96.39,722,26.8701
57.52886099,96.39,686,26.1916
57.55512156,96.39,690,26.2679
57.58138212,96.39,757,27.5136
57.60764269,96.39,775,27.8388
57.63390325,96.39,684,26.1534
57.66016382,96.39,716,26.7582
57.68642438,96.39,736,27.1293
57.71268495,96.39,736,27.1293
57.73894551,96.39,706,26.5707
57.76520608,96.39,699,26.4386
57.79146664,96.39,735,27.1109
57.81772721,96.39,708,26.6083
57.84398777,96.39,661,25.7099
57.87024834,96.39,730,27.0185
57.8965089,96.39,767,27.6948
57.92276947,96.39,752,27.4226
57.94903004,96.39,693,26.3249
57.9752906,96.39,740,27.2029
58.00155117,96.39,742,27.2397
58.02781173,96.39,718,26.7955
58.0540723,96.39,652,25.5343
58.08033286,96.39,677,26.0192
58.10659343,96.39,698,26.4197
58.13285399,96.39,721,26.8514
58.15911456,96.39,711,26.6646
58.18537512,96.39,665,25.7876
58.21163569,96.39,690,26.2679
58.23789625,96.39,713,26.7021
58.26415682,96.39,645,25.3969
58.29041739,96.39,700,26.4575
58.31667795,96.39,651,25.5147
58.34293852,96.39,645,25.3969
58.36919908,96.39,673,25.9422
58.39545965,96.39,674,25.9615
58.42172021,96.39,698,26.4197
58.44798078,96.39,648,25.4558
58.47424134,96.39,662,25.7294
58.50050191,96.39,676,26
58.52676247,96.39,668,25.8457
58.55302304,96.39,661,25.7099
58.5792836,96.39,685,26.1725
58.60554417,96.39,637,25.2389
58.63180473,96.39,655,25.593
58.6580653,96.39,623,24.96
58.68432587,96.39,652,25.5343
58.71058643,96.39,599,24.4745
58.736847,96.39,669,25.865
58.76310756,96.39,658,25.6515
58.78936813,96.39,647,25.4362
58.81562869,96.39,647,25.4362
58.84188926,96.39,648,25.4558
58.86814982,96.39,631,25.1197
58.89441039,96.39,677,26.0192
58.92067095,96.39,730,27.0185
58.94693152,96.39,659,25.671
58.97319208,96.39,654,25.5734
58.99945265,96.39,716,26.7582
59.02571321,96.39,660,25.6905
59.05197378,96.39,707,26.5895
59.07823435,96.39,674,25.9615
59.10449491,96.39,659,25.671
59.13075548,96.39,723,26.8887
59.15701604,96.39,721,26.8514
59.18327661,96.39,713,26.7021
59.20953717,96.39,721,26.8514
59.23579774,96.39,711,26.6646
59.2620583,96.39,709,26.6271
59.28831887,96.39,720,26.8328
59.31457943,96.39,671,25.9037
59.34084,96.39,719,26.8142
59.36710056,96.39,717,26.7769
59.39336113,96.39,758,27.5318
59.4196217,96.39,749,27.3679
59.44588226,96.39,709,26.6271
59.47214283,96.39,749,27.3679
59.49840339,96.39,708,26.6083
59.52466396,96.39,747,27.3313
59.55092452,96.39,766,27.6767
59.57718509,96.39,734,27.0924
59.60344565,96.39,736,27.1293
59.62970622,96.39,742,27.2397
59.65596678,96.39,750,27.3861
59.68222735,96.39,760,27.5681
59.70848791,96.39,839,28.9655
59.73474848,96.39,840,28.9828
59.76100904,96.39,777,27.8747
59.78726961,96.39,779,27.9106
59.81353018,96.39,784,28
59.83979074,96.39,778,27.8927
59.86605131,96.39,783,27.9821
59.89231187,96.39,767,27.6948
59.91857244,96.39,783,27.9821
59.944833,96.39,782,27.9643
59.97109357,96.39,856,29.2575
59.99735413,96.39,834,28.8791
60.0236147,96.39,876,29.5973
60.04987526,96.39,838,28.9482
60.07613583,96.39,863,29.3769
60.10239639,96.39,874,29.5635
60.12865696,96.39,852,29.189
60.15491753,96.39,887,29.7825
60.18117809,96.39,945,30.7409
60.20743866,96.39,986,31.4006
60.23369922,96.39,943,30.7083
60.25995979,96.39,975,31.225
60.28622035,96.39,979,31.289
60.31248092,96.39,985,31.3847
60.33874148,96.39,1049,32.3883
60.36500205,96.39,1023,31.9844
60.39126261,96.39,978,31.273
60.41752318,96.39,1074,32.7719
60.44378374,96.39,1093,33.0606
60.47004431,96.39,1123,33.5112
60.49630487,96.39,1130,33.6155
60.52256544,96.39,1136,33.7046
60.54882601,96.39,1159,34.0441
60.57508657,96.39,1162,34.0881
60.60134714,96.39,1119,33.4515
60.6276077,96.39,1158,34.0294
60.65386827,96.39,1125,33.541
60.68012883,96.39,1176,34.2929
60.7063894,96.39,1191,34.5109
60.73264996,96.39,1207,34.7419
60.75891053,96.39,1227,35.0286
60.78517109,96.39,1224,34.9857
60.81143166,96.39,1112,33.3467
60.83769222,96.39,1189,34.4819
60.86395279,96.39,1163,34.1028
60.89021336,96.39,1130,33.6155
60.91647392,96.39,1164,34.1174
60.94273449,96.39,1101,33.1813
60.96899505,96.39,1180,34.3511
60.99525562,96.39,1140,33.7639
61.02151618,96.39,1037,32.2025
61.04777675,96.39,1099,33.1512
61.07403731,96.39,1065,32.6343
61.10029788,96.39,1158,34.0294
61.12655844,96.39,1113,33.3617
61.15281901,96.39,1135,33.6898
61.17907957,96.39,1081,32.8786
61.20534014,96.39,1120,33.4664
61.2316007,96.39,1046,32.3419
61.25786127,96.39,1052,32.4345
61.28412184,96.39,1006,31.7175
61.3103824,96.39,1095,33.0908
61.33664297,96.39,1046,32.3419
61.36290353,96.39,1002,31.6544
61.3891641,96.39,1049,32.3883
61.41542466,96.39,965,31.0644
61.44168523,96.39,999,31.607
61.46794579,96.39,1010,31.7805
61.49420636,96.39,997,31.5753
61.52046692,96.39,989,31.4484
61.54672749,96.39,994,31.5278
61.57298805,96.39,1041,32.2645
61.59924862,96.39,983,31.3528
61.62550919,96.39,1021,31.9531
61.65176975,96.39,1016,31.8748
61.67803032,96.39,1033,32.1403
61.70429088,96.39,944,30.7246
61.73055145,96.39,927,30.4467
61.75681201,96.39,1024,32
61.78307258,96.39,982,31.3369
61.80933314,96.39,931,30.5123
61.83559371,96.39,935,30.5778
61.86185427,96.39,948,30.7896
61.88811484,96.39,1024,32
61.9143754,96.39,994,31.5278
61.94063597,96.39,919,30.315
61.96689653,96.39,925,30.4138
61.9931571,96.39,957,30.9354
62.01941767,96.39,879,29.6479
62.04567823,96.39,897,29.95
62.0719388,96.39,904,30.0666
62.09819936,96.39,904,30.0666
62.12445993,96.39,897,29.95
62.15072049,96.39,914,30.2324
62.17698106,96.39,863,29.3769
62.20324162,96.39,904,30.0666
62.22950219,96.39,826,28.7402
62.25576275,96.39,853,29.2062
62.28202332,96.39,845,29.0689
62.30828388,96.39,838,28.9482
62.33454445,96.39,877,29.6142
62.36080502,96.39,821,28.6531
62.38706558,96.39,796,28.2135
62.41332615,96.39,838,28.9482
62.43958671,96.39,774,27.8209
62.46584728,96.39,765,27.6586
62.49210784,96.39,765,27.6586
62.51836841,96.39,730,27.0185
62.54462897,96.39,783,27.9821
62.57088954,96.39,777,27.8747
62.5971501,96.39,758,27.5318
62.62341067,96.39,735,27.1109
62.64967123,96.39,752,27.4226
62.6759318,96.39,699,26.4386
62.70219236,96.39,730,27.0185
62.72845293,96.39,701,26.4764
62.7547135,96.39,739,27.1846
62.78097406,96.39,735,27.1109
62.80723463,96.39,671,25.9037
62.83349519,96.39,692,26.3059
62.85975576,96.39,681,26.096
62.88601632,96.39,674,25.9615
62.91227689,96.39,668,25.8457
62.93853745,96.39,604,24.5764
62.96479802,96.39,730,27.0185
62.99105858,96.39,611,24.7184
63.01731915,96.39,668,25.8457
63.04357971,96.39,638,25.2587
63.06984028,96.39,634,25.1794
63.09610084,96.39,640,25.2982
63.12236141,96.39,598,24.454
63.14862198,96.39,611,24.7184
63.17488254,96.39,612,24.7386
63.20114311,96.39,624,24.98
63.22740367,96.39,651,25.5147
63.25366424,96.39,585,24.1868
63.2799248,96.39,615,24.7992
63.30618537,96.39,585,24.1868
63.33244593,96.39,634,25.1794
63.3587065,96.39,571,23.8956
63.38496706,96.39,613,24.7588
63.41122763,96.39,597,24.4336
63.43748819,96.39,554,23.5372
63.46374876,96.39,652,25.5343
63.49000933,96.39,594,24.3721
63.51626989,96.39,631,25.1197
63.54253046,96.39,666,25.807
63.56879102,96.39,619,24.8797
63.59505159,96.39,575,23.9792
63.62131215,96.39,615,24.7992
63.64757272,96.39,550,23.4521
63.67383328,96.39,596,24.4131
63.70009385,96.39,646,25.4165
63.72635441,96.39,565,23.7697
63.75261498,96.39,591,24.3105
63.77887554,96.39,580,24.0832
63.80513611,96.39,578,24.0416
63.83139667,96.39,600,24.4949
63.85765724,96.39,578,24.0416
63.88391781,96.39,586,24.2074
63.91017837,96.39,622,24.9399
63.93643894,96.39,560,23.6643
63.9626995,96.39,599,24.4745
63.98896007,96.39,639,25.2784
64.01522063,96.39,563,23.7276
64.0414812,96.39,622,24.9399
64.06774176,96.39,562,23.7065
64.09400233,96.39,563,23.7276
64.12026289,96.39,579,24.0624
64.14652346,96.39,569,23.8537
64.17278402,96.39,591,24.3105
64.19904459,96.39,571,23.8956
64.22530516,96.39,601,24.5153
64.25156572,96.39,610,24.6982
64.27782629,96.39,589,24.2693
64.30408685,96.39,585,24.1868
64.33034742,96.39,580,24.0832
64.35660798,96.39,561,23.6854
64.38286855,96.39,564,23.7487
64.40912911,96.39,522,22.8473
64.43538968,96.39,575,23.9792
64.46165024,96.39,569,23.8537
64.48791081,96.39,528,22.9783
64.51417137,96.39,581,24.1039
64.54043194,96.39,538,23.1948
64.5666925,96.39,591,24.3105
64.59295307,96.39,559,23.6432
64.61921364,96.39,539,23.2164
64.6454742,96.39,593,24.3516
64.67173477,96.39,558,23.622
64.69799533,96.39,567,23.8118
64.7242559,96.39,499,22.3383
64.75051646,96.39,546,23.3666
64.77677703,96.39,555,23.5584
64.80303759,96.39,538,23.1948
64.82929816,96.39,536,23.1517
64.85555872,96.39,565,23.7697
64.88181929,96.39,541,23.2594
64.90807985,96.39,532,23.0651
64.93434042,96.39,589,24.2693
64.96060099,96.39,565,23.7697
64.98686155,96.39,564,23.7487
